,publishedAt,title,words,description,url,primaryCategory,subreddit,comments,hotness,username,text,language,retweetCount
0,2020-07-13T21:36:06.000Z,"Black wealth must ‘exit to Bitcoin,’ says author Isaiah Jackson",459.0,"Isaiah Jackson joins the Decrypt Daily podcast to explain how Bitcoin can benefit the black community and help create leverage against the current US financial system.
",https://cryptocontrol.io/r/api/article/5f0cd8c90b40f100190f70dd?ref=5f0df53922ee0f001886f52c,General,,,,,,,
1,2020-07-13T21:16:11.000Z,"Rolls-Royce, Gucci-flaunting scammers caught after FBI analyzes Bitcoin trail",546.0,"Two Nigerian scammers were held last week after hatching an elaborate fraud to steal “$435 million around the world” using illicit emails, luxury brand showoffs, and Bitcoin.
",https://cryptocontrol.io/r/api/article/5f0cd4240b40f100190f4750?ref=5f0df53922ee0f001886f52c,General,,,,,,,
2,2020-07-13T21:05:03.000Z,Ethereum tokens are now more valuable than ETH itself,459.0,"The BUIDL philosophy appears to be working, as the combined market cap of ERC20 tokens built on Ethereum has surpassed the network’s native ETH.
",https://cryptocontrol.io/r/api/article/5f0cd8cc0b40f100190f70de?ref=5f0df53922ee0f001886f52c,ICO,,,,,,,
3,2020-07-13T21:01:31.000Z,Bitcoin Mining Difficulty Hits Record High Months After Halving,202.0,"According to data from BTC.com, the mining difficulty of Bitcoin is at an all-time high, two months after the king coin’s halving. At exactly 12:50 UTC today, the Bitcoin mining difficulty hit 17.35 trillion. Compared to the last report on June 30, it represents a 9.89% increase from 15.78 trillion.…",https://cryptocontrol.io/r/api/article/5f0cd82b0b40f100190f70bc?ref=5f0df53922ee0f001886f52c,Mining,,,,,,,
4,2020-07-13T21:00:16.000Z,Bitcoin SV short-term price analysis: 13 July,396.0,"Bitcoin SV, the persistent hardfork of a hardfork of Bitcoin has now become a mainstay in the top-10 coins in the cryptocurrency market. Currently placed on the eighth spot with a market capitalizatio
",https://cryptocontrol.io/r/api/article/5f0cd3e70b40f100190f472d?ref=5f0df53922ee0f001886f52c,Analysis,,,,,,,
5,2020-07-13T20:49:17.000Z,"Tuur Demeester, Others Predict Bullish Shift in Bitcoin Outlook",226.0,"Four crypto advocates believe Bitcoin will have a bullish outlook in the coming years. Top crypto influencers Nic Carter, Tuur Demeester, Robert Breedlove & Alex Leishman held a Zoom meeting on July 10 to address the current state of Bitcoin and the global economy. The discussion was Peter…",https://cryptocontrol.io/r/api/article/5f0cd8390b40f100190f70be?ref=5f0df53922ee0f001886f52c,General,,,,,,,
6,2020-07-13T20:16:00.000Z,South Korea Could Issue a Crypto Capital Gains Tax as High as 20%,279.0,"Crypto taxation in South Korea could increase to 20% for capital gains.
South Korean private sector members recently discussed a crypto-related taxation bill meant to establish capital gains tax for cryptocurrencies. During these discussions on July 13, members indicated crypto gains taxes could…",https://cryptocontrol.io/r/api/article/5f0cc5460b40f100190eefee?ref=5f0df53922ee0f001886f52c,Exchanges,,,,,,,
7,2020-07-13T20:07:07.000Z,China’s Digital Currency Trial Prompts G20 Nations to Think CBDCs,403.0,"The G20, an international forum formed by the governments and central banks of 19 nations and the European Union in September 1999, has revealed plans to integrate digital currencies into its operations. If all goes as planned, the G20 could roll out its CBDC project before the end of the year,…",https://cryptocontrol.io/r/api/article/5f0cd4a70b40f100190f49f7?ref=5f0df53922ee0f001886f52c,General,,,,,,,
8,2020-07-13T20:01:31.000Z,Investing in Bitcoin might mean increased downside risk,452.0,"Bitcoin's dramatic fall in the month of March elated many who were critical of the king coin's store-of-value and safe-haven characteristics. In fact, a recent paper highlighted the same, while also s
",https://cryptocontrol.io/r/api/article/5f0cd3ef0b40f100190f4740?ref=5f0df53922ee0f001886f52c,General,,,,,,,
9,2020-07-13T19:53:00.000Z,Crypto Scams Reach New Heights in 2020 With $24M Stolen So Far,319.0,"Whale Alert alleges that crypto scams are skyrocketing in 2020 compared to statistics from 2017.
Blockchain tracking and analytics platform, Whale Alert, revealed that over the past four years, scammers have stolen over $38 million worth of Bitcoin ( BTC ).
New heights could be reached at the end of…",https://cryptocontrol.io/r/api/article/5f0cc5500b40f100190eeff0?ref=5f0df53922ee0f001886f52c,General,,,,,,,
10,2020-07-13T19:50:55.000Z,"Bitcoin Difficulty Touches All-Time High, 120 Exahash of Hashpower Remains Strong",2582.0,"The network difficulty for the Bitcoin network spiked over 9.8% on Monday bringing the difficulty to its highest point ever. The record high of 17.35 trillion makes it much harder for bitcoin miners to profit. However, the overall Bitcoin network hashrate has remained consistently above the 120…",https://cryptocontrol.io/r/api/article/5f0cc5d80b40f100190ef030?ref=5f0df53922ee0f001886f52c,General,,,,,,,
11,2020-07-13T19:40:45.000Z,12 Hours no confirmation??,,"My main question is will this take longer than 7 days to have 2 confirmations. If it will how can I cancel the transaction. I transferred on paxful btw and did the automatic fee

(link to chain: [https://live.blockcypher.com/btc/tx/01148eec5b9b9049aad9d2b738a09066bbd681b159243efa023886e7557300e5/](https://live.blockcypher.com/btc/tx/01148eec5b9b9049aad9d2b738a09066bbd681b159243efa023886e7557300e5/) )

Thanks in advance for the help",https://cryptocontrol.io/r/api/reddit/5f0cbb9b0b40f100190ea64c?ref=5f0df53922ee0f001886f52c,,Bitcoin,1.0,73823.5326240796,,,,
12,2020-07-13T19:38:42.000Z,Taxes when swapping BTC for GBTC?,,"I'm contemplating selling my BTC at a profit and purchasing a comparable amount of GBTC. Do I still have to pay capital gains taxes on the profit if I'm exchanging the asset for something comparable?

Thank you!",https://cryptocontrol.io/r/api/reddit/5f0cb93d0b40f100190e9ab7?ref=5f0df53922ee0f001886f52c,,Bitcoin,0.0,73822.96731384723,,,,
13,2020-07-13T19:35:08.000Z,Bancor Announces Enjin Coin (ENJ) as a Bancor V2 Launch Pool,456.0,"On-chain liquidity protocol Bancor today announced Enjin’s native digital token, the Enjin Coin (ENJ), as a Bancor V2 launch pool. Holding ENJ to Provide Liquidity and Earn Rewards Slated to release this month, Bancor V2 is the second major version of liquidity provider Bancor. In an announcement…",https://cryptocontrol.io/r/api/article/5f0cb9370b40f100190e9aa5?ref=5f0df53922ee0f001886f52c,Government,,,,,,,
14,2020-07-13T19:22:51.000Z,Bitcoin Long Term Bullish Signal Confirms; Adoption is the Major...,448.0,"The market sentiments for Bitcoin seem bullish as the price is closed to $9,300. Prominent names and analysts have commented positively on the leading digital asset. Keith McCullough, the head of Hedgeye, said that Bitcoin is on the bullish trend and volatility is at a low position. He tweeted:…",https://cryptocontrol.io/r/api/article/5f0cc4a80b40f100190eef95?ref=5f0df53922ee0f001886f52c,General,,,,,,,
15,2020-07-13T19:15:36.000Z,Chainlink (LINK) Price Printed a Rally of Over 30% to Reach New All-Time...,377.0,"Where the leading digital asset Bitcoin is struggling for a bullish rally, the altcoin Chainlink has recorded an outshining performance in the span of the last twenty-four hours which led the coin to enroll itself in the list of top ten cryptocurrencies by market capitalization but only for a…",https://cryptocontrol.io/r/api/article/5f0cc4b00b40f100190eefaa?ref=5f0df53922ee0f001886f52c,Analysis,,,,,,,
16,2020-07-13T19:15:28.000Z,"Cryptocurrency News Roundup for July 13, 2020",495.0,"Bitcoin started the week relatively stable with the BTC/USD pair trading sideways in between $9,200 and $9,300. Furthermore, the alpha crypto ended the last week in the green following a four-week long losing streak, which was its worst performance on that front since last November. While there’s no…",https://cryptocontrol.io/r/api/article/5f0cbcdf0b40f100190ea655?ref=5f0df53922ee0f001886f52c,General,,,,,,,
17,2020-07-13T19:10:17.000Z,Nigeria Welcomes Its First Bitcoin ATM Courtesy Of Blockstale,434.0,"Nigeria has gotten its first Bitcoin Automated Teller Machine (ATM), thanks to blockchain software and hardware development firm Blockstale. Daniel Adekunle, the CEO of Blockstale, explains that the purpose of the BATM is to make the exchange between Naira and Bitcoin easier. The new ATM, which is…",https://cryptocontrol.io/r/api/article/5f0cc0a70b40f100190ecd6e?ref=5f0df53922ee0f001886f52c,General,,,,,,,
18,2020-07-13T19:08:59.000Z,Vulgar Crypto Index (Rhymes With 'Bitcoin') Hits All-Time High - CoinDesk,275.0,"A novel index of 50 low-capitalization cryptocurrencies made new all-time highs as it continues to outperform bitcoin.
",https://cryptocontrol.io/r/api/article/5f0cc50e0b40f100190eefcd?ref=5f0df53922ee0f001886f52c,General,,,,,,,
19,2020-07-13T19:00:37.000Z,Ethereum long-term price analysis: 13 July,361.0,"Taking a leaf from the Bitcoin playbook, Ethereum, the largest altcoin in the market has been playing stable. Since the end of May, the latter has been trading sideways, going through Q2 2020 riding a
",https://cryptocontrol.io/r/api/article/5f0cb87d0b40f100190e8cc5?ref=5f0df53922ee0f001886f52c,Analysis,,,,,,,
20,2020-07-13T18:59:13.000Z,"700,000 hotels to accept bitcoin as Expedia and Travala become partners",146.0,"Travala, an online travel booking platform, has partnered with Expedia, allowing users to pay with bitcoin and a number of altcoins. From now, Travala users can choose from more than 700,000 Expedia Group hotels and accommodations and pay with 30+ cryptocurrencies, including BTC and ETH. “Our aim is…",https://cryptocontrol.io/r/api/article/5f0cbfc80b40f100190ecd5e?ref=5f0df53922ee0f001886f52c,General,,,,,,,
21,2020-07-13T18:58:42.000Z,Impact of COVID 19 on Bitcoin &amp; Bitcoin Futures.,,,https://cryptocontrol.io/r/api/reddit/5f0cb93d0b40f100190e9ab8?ref=5f0df53922ee0f001886f52c,,Bitcoin,1.0,73823.41581852405,,,,
22,2020-07-13T18:49:00.000Z,"Price Analysis 7/13: BTC, ETH, XRP, BCH, ADA, BSV, BNB, LTC, CRO, LINK",1585.0,"Equities markets are surging and many altcoins continue to push higher as Bitcoin price consolidates into a tight trading range.
The Nasdaq has regularly been making new highs for the past few days, which has resulted in a strong rally in a few technology companies. Along with this, a few stocks in…",https://cryptocontrol.io/r/api/article/5f0cc55f0b40f100190eeff1?ref=5f0df53922ee0f001886f52c,Analysis,,,,,,,
23,2020-07-13T18:47:05.000Z,Number Of Bitcoin Whales Is Declining — And It Could Be A Bullish Indicator. Here’s Why,377.0,"As we know, Bitcoin has been trading sideways for practically the last three months now and continues being flat despite small spikes here and there. Now it’s important to look at other metrics besides technical analysis tools and indicators. Fundamental metrics play a huge role in the development…",https://cryptocontrol.io/r/api/article/5f0cac920b40f100190e3064?ref=5f0df53922ee0f001886f52c,Exchanges,,,,,,,
24,2020-07-13T18:38:03.000Z,Has Ethereum Defi-ance Checkmated SEC?,1835.0,"The curtailment of freedoms in the United States over the past two decades through revolving doors corruption has been made clear once more to this space by the Securities and...
",https://cryptocontrol.io/r/api/article/5f0cab130b40f100190e274c?ref=5f0df53922ee0f001886f52c,General,,,,,,,
25,2020-07-13T18:37:36.000Z,Google Searches for Chainlink Hits High as Link Token Rallies - CoinDesk,647.0,"Have you googled Chainlink lately? You're far from the only one, according to new data.",https://cryptocontrol.io/r/api/article/5f0cc5210b40f100190eefdd?ref=5f0df53922ee0f001886f52c,ICO,,,,,,,
26,2020-07-13T18:34:34.000Z,"Zcash Surges 25%, Get Ready for a Nosedive",728.0,"After making 25% gains this past week, Zcash could suffer a nosedive when bullish social media chatter around the project subsides. Zcash Holders Grow Optimistic Zcash has been on a...
",https://cryptocontrol.io/r/api/article/5f0cbe6c0b40f100190ebd1d?ref=5f0df53922ee0f001886f52c,General,,,,,,,
27,2020-07-13T18:30:21.000Z,The Bitcoin Dominance Rate Could Rally Before Dropping,229.0,"The Bitcoin Dominance Rate (BTCD) has been decreasing at an accelerated rate since the beginning of July. The decrease should continue until the rate reaches the closest support area at 62.5%. Current Support At the beginning of July, the BTCD broke down from a rising support line that had…",https://cryptocontrol.io/r/api/article/5f0cbce50b40f100190ea665?ref=5f0df53922ee0f001886f52c,Analysis,,,,,,,
28,2020-07-13T18:07:58.000Z,Start Creating Wealth Today With Bitcoin Circuit,623.0,"2020 has been an interesting year so far, to say the least. The impact of the coronavirus crisis has left most of the world economy in shambles. While many hard-working professionals such as yourself are still uncertain about the future of their careers, others are getting wealthier by the day. If…",https://cryptocontrol.io/r/api/article/5f0cbdd00b40f100190ebd04?ref=5f0df53922ee0f001886f52c,General,,,,,,,
29,2020-07-13T18:00:35.000Z,This Technical Indicator Shows Bitcoin is About to See Wild Volatility,476.0,"Bitcoin’s consolidation phase has persisted despite many analysts anticipating volatility during yesterday’s weekly candle close The crypto is still trading in the lower-$9,000 region and is showing few signs of garnering any strength Analysts are now noting that it could soon see some wild…",https://cryptocontrol.io/r/api/article/5f0cab2c0b40f100190e2760?ref=5f0df53922ee0f001886f52c,General,,,,,,,
30,2020-07-13T18:00:10.000Z,"As Chainlink Surges 100% in 3 Weeks, Crypto Fund Explains Its LINK Position",450.0,"Chainlink is up by 100 percent in just three weeks, crossing Litecoin as the eighth-largest cryptocurrency by market cap on Monday. Buoyed by dApps, Oracles Several fundamental factors provide insights into how Chainlink returned 100 percent to investors in three weeks from June 20.  Widespread…",https://cryptocontrol.io/r/api/article/5f0cb93d0b40f100190e9ab9?ref=5f0df53922ee0f001886f52c,General,,,,,,,
31,2020-07-13T17:56:04.000Z,Cardano and Tezos Face Stiff Resistance Ahead of Their Ascent,1081.0,"Cardano and Tezos posted impressive gains over the last few weeks, but stiff resistance could pose problems for their ascent. Cardano Might Hit a Wall One of the so-called “Ethereum...
",https://cryptocontrol.io/r/api/article/5f0ca3000b40f100190dd8ec?ref=5f0df53922ee0f001886f52c,General,,,,,,,
32,2020-07-13T17:42:14.000Z,Bitcoin Mining with Asrock H11O PRO ..,,Can one advice me how to  for all  devices used for mining with  Asrock H11O PRO mother board &amp; what will be approximate price for all together ...  or advice me any  mining software in which i can mine a bitcoin,https://cryptocontrol.io/r/api/reddit/5f0c9f750b40f100190dbfb5?ref=5f0df53922ee0f001886f52c,,Bitcoin,4.0,73824.03008968983,,,,
33,2020-07-13T17:39:57.000Z,Can you run a full node with a 500gb hard drive?,,"I am setting up a full node and am buying a hard drive but am trying to save money so I can stack more sats. 

Can I run a full node with just a 500gb SSD hard drive as opposed to a full 1TB? 

I am looking at this [500 GB G-G25 https://www.amazon.com/dp/B078SWJ3CF/ref=cm_sw SanDisk drive on Amazon](https://www.amazon.com/dp/B078SWJ3CF/ref=cm_sw_r_cp_api_i_mKjdFbRCXTVDZ) 

Will that work for now and then I can upgrade to a full 1TB in the future? 

Thanks in advance!",https://cryptocontrol.io/r/api/reddit/5f0c9f750b40f100190dbfb4?ref=5f0df53922ee0f001886f52c,,Bitcoin,24.0,73825.63318500968,,,,
34,2020-07-13T17:30:49.000Z,Bitcoin hashrate new ATH: Miners’ Death Spiral FUD debunked again,168.0,"Just when doomsayers are expecting Bitcoin hashrate to decrease significantly after its halving event that slashed block reward by 50 percent, miners are, in fact, increasing their activities, thereby increasing the network’s hashrate. Thanks to the newly-developed advanced Bitcoin mining equipment,…",https://cryptocontrol.io/r/api/article/5f0ca4530b40f100190de6ad?ref=5f0df53922ee0f001886f52c,General,,,,,,,
35,2020-07-13T17:30:27.000Z,Deposition of Craig Wright’s Wife Shows Little Understanding of Bitcoin Private Keys,3120.0,"According to a court filing on June 30, the Kleiman v. Wright case has postponed the jury trial until October 13 in the Miami Division courthouse. Meanwhile, a deposition stemming from Craig Wright’s wife, Ramona Watts, shows that she has little understanding of how Bitcoin works after being married…",https://cryptocontrol.io/r/api/article/5f0caab50b40f100190e2736?ref=5f0df53922ee0f001886f52c,General,,,,,,,
36,2020-07-13T17:26:42.000Z,Bank of England debating digital currency creation,,,https://cryptocontrol.io/r/api/reddit/5f0c9d1d0b40f100190da64f?ref=5f0df53922ee0f001886f52c,,Bitcoin,6.0,73824.3053952728,,,,
37,2020-07-13T17:16:53.000Z,XTZ Price Analysis: Bullish Scenario Reinforces Fresh ATH on XTZ/USD Beyond $3.0 Over Indications of New Altseason,477.0,"Massive Altcoin price spikes typically occur when Bitcoin remains stable. Tezos registered an outstanding bull run after the market implosion in March which saw its prices skyrocket. Within the present market day, the token of the smart contract increased from a low of $2.72 to an intraday high of…",https://cryptocontrol.io/r/api/article/5f0ca26a0b40f100190dd64e?ref=5f0df53922ee0f001886f52c,Analysis,,,,,,,
38,2020-07-13T17:11:33.000Z,ELI5: Is CashApp a viable tool to hold btc? Why or Why Not?,,,https://cryptocontrol.io/r/api/reddit/5f0c96150b40f100190d6629?ref=5f0df53922ee0f001886f52c,,Bitcoin,10.0,73824.75578842456,,,,
39,2020-07-13T17:08:58.000Z,Will Tezos Be the Altcoin to Unseat Ethereum on the Crypto Market?,359.0,"Ever since its then-record $232 million ICO (initial coin offering) back in 2017, Tezos (XTZ) has earned a justifiable amount of buzz in the crypto world. But does the Swiss-US joint venture have legs? First off, it’s important to understand what makes Tezos stand out among the thousands of…",https://cryptocontrol.io/r/api/article/5f0caa8d0b40f100190e2711?ref=5f0df53922ee0f001886f52c,General,,,,,,,
40,2020-07-13T17:00:06.000Z,What’s Driving Tezos (XTZ) Unstoppable Over 25% July Crypto Rally?,411.0,"It’s almost as if its Christmas in July for Tezos investors, who have watched their favorite altcoin crypto asset rise over 25% in less than 14 days. But what’s driving the seemingly unstoppable rally, and will it sustain? Altcoin Season Leads Crypto Investors To XTZ All across the crypto market,…",https://cryptocontrol.io/r/api/article/5f0caa940b40f100190e2726?ref=5f0df53922ee0f001886f52c,General,,,,,,,
41,2020-07-13T17:00:05.000Z,"Bitcoin may not be a safe-haven, and that's okay",586.0,"Over the past decade, Bitcoin's evolution and perception can be best typified by a revolving door. From being conceptualized as a peer-to-peer electronic cash system, Bitcoin is today seen as a store
",https://cryptocontrol.io/r/api/article/5f0c9da90b40f100190daf40?ref=5f0df53922ee0f001886f52c,General,,,,,,,
42,2020-07-13T17:00:00.000Z,Bitcoin Mining Difficulty Hits Record High of 17.3 Trillion,284.0,"Just two months after May’s Bitcoin halving event, both hash rate and difficulty have shrugged off post halving dips to hit new all-time highs.
Following last week’s record-high Bitcoin hash rate , the latest difficulty adjustment saw a change of +9.89%, bringing the level to a new all-time high of…",https://cryptocontrol.io/r/api/article/5f0caa400b40f100190e195d?ref=5f0df53922ee0f001886f52c,Mining,,,,,,,
43,2020-07-13T16:58:51.000Z,Bitcoin Protects Private Property Better Than Your Government,,,https://cryptocontrol.io/r/api/reddit/5f0c986d0b40f100190d7f48?ref=5f0df53922ee0f001886f52c,,Bitcoin,3.0,73824.50428753832,,,,
44,2020-07-13T16:43:48.000Z,Biggest Brazilian Exchange Mercado Bitcoin Adds Support for Sports Token Chiliz...,386.0,"The largest cryptocurrency exchange in Brazil Mercado Bitcoin has announced to list a sports token known as Chiliz (CHZ). According to the announcement made on July 13, 2020, by Chiliz the leading blockchain fintech provider for sports, it is the first listing of Chiliz’s CHZ token on this major…",https://cryptocontrol.io/r/api/article/5f0ca98d0b40f100190e1697?ref=5f0df53922ee0f001886f52c,Exchanges,,,,,,,
45,2020-07-13T16:43:14.000Z,IRS Wants To Know If I Own BTC... Should I Tell Them?,,"While doing taxes (US) one of the questions is, ""did you acquire, sell, or exchange any virtual currency in 2019?""

My gut is telling me to be honest...

Any advice/recommendations?",https://cryptocontrol.io/r/api/reddit/5f0c986d0b40f100190d7f49?ref=5f0df53922ee0f001886f52c,,Bitcoin,5.0,73824.03805105785,,,,
46,2020-07-13T16:36:34.000Z,Grayscale DLC fund shuns altcoins in favour of a portfolio more weighted on bitcoin (and ethereum) after the bitcoin halving,,,https://cryptocontrol.io/r/api/reddit/5f0ca4250b40f100190de6aa?ref=5f0df53922ee0f001886f52c,,Bitcoin,1.0,73823.27231813752,,,,
47,2020-07-13T16:35:19.000Z,Blockchain Bites: It's Never Been Harder to Mine Bitcoin - CoinDesk,1305.0,"Bitcoin's mining difficulty is at a record high, Singapore's CBDC may find commercial use and Chinese companies are going in on Filecoin.
",https://cryptocontrol.io/r/api/article/5f0caa120b40f100190e1948?ref=5f0df53922ee0f001886f52c,General,,,,,,,
48,2020-07-13T16:32:00.000Z,"Fiat Failures, Inflation to Fuel 'Fear-Driven' Bitcoin Rally - Crypto Insiders",556.0,"Fiat failures and widespread inflation stemming from skyrocketing public debt could pave the way for bitcoin (BTC) to enter the mainstream in the next one to two years, say prominent crypto industry players. Speaking in a recent panel at Real Vision’s The Crypto Gathering event, Nic Carter, a…",https://cryptocontrol.io/r/api/article/5f0ca6010b40f100190dfd60?ref=5f0df53922ee0f001886f52c,Analysis,,,,,,,
49,2020-07-13T16:29:00.000Z,DApps Need to Nail Usability to Move From Crypto Niche to Mainstream,1577.0,"Yield farming is driving a boom in DApp and DeFi use, but user experience improvements will be key for future adoption in the next five years.
From CryptoKitties to Compound, decentralized applications and decentralized finance have become increasingly popular in the blockchain space, but the sector…",https://cryptocontrol.io/r/api/article/5f0c8f420b40f100190d255c?ref=5f0df53922ee0f001886f52c,General,,,,,,,
50,2020-07-13T16:21:07.000Z,"LINK, ADA, XTZ Biggest Gainers Of The Latest Altcoin Rally",310.0,"Prominent altcoin, Chainlink [LINK] had been in the news all week following a significant increase in its price. Earlier today, the coin hit an all-time high which further fueled the popularity of the coin. Along with this, Cardano [ADA] and Tezos [XTZ] was also seen outperforming several other…",https://cryptocontrol.io/r/api/article/5f0c91bc0b40f100190d3f54?ref=5f0df53922ee0f001886f52c,Analysis,,,,,,,
51,2020-07-13T16:19:00.000Z,Chainlink (LINK) Becomes the ‘Tesla’ of Cryptocurrency — What’s Next?,905.0,"Chainlink overshot the previous bullish target hitting a new all-time high of $8.40, but how much higher can LINK price really go?
As Bitcoin ( BTC ) price continues to trade in a tightening range, the altcoin market has been pushing higher each week, and the most recent surge has come from…",https://cryptocontrol.io/r/api/article/5f0c8f4f0b40f100190d2579?ref=5f0df53922ee0f001886f52c,General,,,,,,,
52,2020-07-13T16:12:45.000Z,Bitcoin could fall behind Ethereum due to DeFi,422.0,Some analysts have speculated on whether Ethereum will start to overtake Bitcoin due to the emerging DeFi market,https://cryptocontrol.io/r/api/article/5f0c8fb60b40f100190d2eb5?ref=5f0df53922ee0f001886f52c,General,,,,,,,
53,2020-07-13T16:00:55.000Z,'Cancel Cardano'? 'You can't cancel Bitcoin'... Cancel culture rears its head in crypto-community,981.0,"Cancel Culture - A term that has been doing the rounds lately after the open letter by Harper's, one signed by the likes of Noam Chomsky, Margaret Atwood, Salman Rushdie, and J.K Rowling went viral. A
",https://cryptocontrol.io/r/api/article/5f0c9dad0b40f100190daf41?ref=5f0df53922ee0f001886f52c,General,,,,,,,
54,2020-07-13T16:00:33.000Z,Craig Wright slams ‘empty jargon’ of censorship resistance,334.0,"Bitcoin is for cash micropayments, and not as a workaround for money laundering laws, according to Dr. Craig Wright. [...]
",https://cryptocontrol.io/r/api/article/5f0c9c8b0b40f100190da615?ref=5f0df53922ee0f001886f52c,General,,,,,,,
55,2020-07-13T16:00:24.000Z,Compound Protocol Approves 40% Collateral Factor for Wrapped Bitcoin,420.0,"Wrapped Bitcoin (WBTC), an ERC-20 token that tracks the price of bitcoin (BTC) can now be used on DeFi protocol Compound (COMP) with a 40% collateral factor. WBTC Goes Live on Compound with 40% Collateral A community proposal floated by Compound holders in May 2020 has finally received the green…",https://cryptocontrol.io/r/api/article/5f0c9e720b40f100190daf74?ref=5f0df53922ee0f001886f52c,General,,,,,,,
56,2020-07-13T16:00:14.000Z,Coinbase CEO explains why they sell blockchain analytics software to the U.S. secret service,504.0,"Coinbase was in the crosshairs over the weekend after SEC filings revealed the business licensed transactional information software to regulators.
",https://cryptocontrol.io/r/api/article/5f0cb8bf0b40f100190e9a89?ref=5f0df53922ee0f001886f52c,Blockchain,,,,,,,
57,2020-07-13T15:57:39.000Z,Fidelity International Doubles Stake in Bitcoin Mining Firm Hut 8,,,https://cryptocontrol.io/r/api/reddit/5f0c86d90b40f100190cd716?ref=5f0df53922ee0f001886f52c,,Bitcoin,0.0,73823.9627239819,,,,
58,2020-07-13T15:40:01.000Z,What Happens When Major Cities Go Broke WORLDWIDE - Robert Kiyosaki Quarantine Updates,,,https://cryptocontrol.io/r/api/reddit/5f0c83550b40f100190cbdd1?ref=5f0df53922ee0f001886f52c,,Bitcoin,2.0,73823.40291687663,,,,
59,2020-07-13T15:30:49.000Z,I am making Bitcoin Voice Alarm. but is this a wrong expression?,,"I would like to alert you by voice if a transaction worth more than $1 million is detected for a second.

&amp;#x200B;

""Long, A million dollars in a minute.""

""Short, A million dollars in a minute.""

&amp;#x200B;

is this wrong expresstion?",https://cryptocontrol.io/r/api/reddit/5f0c7fd10b40f100190c96c0?ref=5f0df53922ee0f001886f52c,,Bitcoin,0.0,73821.58560185185,,,,
60,2020-07-13T15:11:13.000Z,CoinSwap and the Ongoing Effort to Make Bitcoin Privacy 'Invisible' - CoinDesk,,,https://cryptocontrol.io/r/api/reddit/5f0c79f50b40f100190c6475?ref=5f0df53922ee0f001886f52c,,Bitcoin,2.0,73824.4215291653,,,,
61,2020-07-13T15:07:43.000Z,No Wait For Withdrawal?,,Does anyone know a way to purchase bitcoin and be able to withdrawal/send it right away with no wait? Thanks.,https://cryptocontrol.io/r/api/reddit/5f0c79f50b40f100190c6474?ref=5f0df53922ee0f001886f52c,,Bitcoin,4.0,73823.71865976253,,,,
62,2020-07-13T14:39:56.000Z,Trump Money Laundering...,,"How Trump launders $$ through his golf courses
 
https://www.dailykos.com/story/2020/7/12/1960094/-How-Trump-launders-through-his-golf-courses 

Why Donald Trump wants the Mueller report, and his taxes, kept secret
 
https://www.salon.com/2019/04/09/why-donald-trump-wants-the-mueller-report-and-his-taxes-kept-secret/

Russian Government Bank Deposited $500 Million into Deutsche Bank Subsidiary as it Lent to Trump

https://forensicnews.net/2020/01/21/russian-government-bank-deposited-500-million-",https://cryptocontrol.io/r/api/reddit/5f0c72ed0b40f100190c23e8?ref=5f0df53922ee0f001886f52c,,Bitcoin,0.0,73821.44425925925,,,,
63,2020-07-13T14:13:57.000Z,"""Contemplation of the Red Jester"" Bitcoin support artist earns $500 in Bitcoin donations",,,https://cryptocontrol.io/r/api/reddit/5f0c6e400b40f100190bfcb1?ref=5f0df53922ee0f001886f52c,,Bitcoin,0.0,73824.26245509123,,,,
64,2020-07-13T14:11:39.000Z,Bitcoin Audible: Chat_42 - Project Snow White &amp; the Raleigh Bitcoin Meetup,,,https://cryptocontrol.io/r/api/reddit/5f0c6be50b40f100190be384?ref=5f0df53922ee0f001886f52c,,Bitcoin,0.0,73822.4643067331,,,,
65,2020-07-13T13:51:38.000Z,If crypto and Bitcoin become Mainstream Currency People can easily avoid tax,,"This question bother me a lot like anyone can Hide income so how gov will run!!
By the way it's just a question no hate
Looking for diff thought and ideas from people",https://cryptocontrol.io/r/api/reddit/5f0c698d0b40f100190bd343?ref=5f0df53922ee0f001886f52c,,Bitcoin,40.0,73825.4844798625,,,,
66,2020-07-13T13:51:37.000Z,BIP39 seed not working,,"Hi All,

I seem to have made a real rookie mistake, wondering if anyone can offer suggestions. BTC reward to the one who helps!

I updated my phone and needed to restore Green wallet from Seed. Found my seed and went to enter but receive an invalid mnemonic within the mobile app, tried desktop app and can not click the continue.

To Troubleshoot,

   \-  I then verified all words as valid BIP39 words.

   \-  Tried to create a new wallet, wipe and reenter seed, same problem. 

   \-  Tried to cr",https://cryptocontrol.io/r/api/reddit/5f0c698d0b40f100190bd344?ref=5f0df53922ee0f001886f52c,,Bitcoin,14.0,73824.6058831623,,,,
67,2020-07-13T13:40:50.000Z,Should you consider investing in Bitcoin as a retirement plan?,,,https://cryptocontrol.io/r/api/reddit/5f0c66090b40f100190bac52?ref=5f0df53922ee0f001886f52c,,Bitcoin,1.0,73822.78416998938,,,,
68,2020-07-13T13:27:42.000Z,"NEWEST BITCOIN RAP ""Buy Bitcoin"" VIDEO RELEASED",,"[Listen to ""Buy Bitcoin"" on YouTube](https://www.youtube.com/watch?v=zWSb9Yew6ww)

&amp;#x200B;

**THIS SONG IS NOT FINANCIAL ADVICE (NFA)**

&amp;#x200B;

I really love Bitcoin and cryptocurrency in general.

I believe that blockchain technology is going to be used in every major technology sector that it can possibly find its way in to!  

This is not financial advice and you MUST do your own research before you ever commit to taking any financial risks.  

I hope you enjoy this Bitcoin rap, a",https://cryptocontrol.io/r/api/reddit/5f0c63b40b40f100190b959e?ref=5f0df53922ee0f001886f52c,,Bitcoin,0.0,73821.93675829167,,,,
69,2020-07-13T13:06:35.000Z,65 Percent Crypto Twitter is Holding Bitcoin - Plan B Twitter Poll,,,https://cryptocontrol.io/r/api/reddit/5f0c5cb80b40f100190b5505?ref=5f0df53922ee0f001886f52c,,Bitcoin,0.0,73821.1849537037,,,,
70,2020-07-13T12:54:38.000Z,Update: Mom made btc wallet before she died and we can't access it,,"Just wanted to update y'all on the progress for anyone who is interested.

We were able to use the 16 word passphrase to verify the password we have is correct. Basically we have all the information except the 2fa email she used. Gonna hop on teamviewer with my stepdad later today and dig through her saved PWs to see if there's an email address we don't know about. I was trying all of the emails I know about but stopped because I didn't want to trigger an account lock since most people don't nor",https://cryptocontrol.io/r/api/reddit/5f0c5a530b40f100190b3bdd?ref=5f0df53922ee0f001886f52c,,Bitcoin,29.0,73825.42145670895,,,,
71,2020-07-13T12:42:39.000Z,Following the Blockchain.com feerate recommendations,,,https://cryptocontrol.io/r/api/reddit/5f0c57f90b40f100190b2b9a?ref=5f0df53922ee0f001886f52c,,Bitcoin,3.0,73823.25853838572,,,,
72,2020-07-13T11:34:36.000Z,Request regarding moderation,,"Can we have a day, maybe once every 4 years, in which mods lay down their work for 24h? Temporarily lift all bans and enforce no sub specific rules for an entire day.

Would anyone else be curious as to how that would turn out?",https://cryptocontrol.io/r/api/reddit/5f0c47940b40f100190aa177?ref=5f0df53922ee0f001886f52c,,Bitcoin,4.0,73822.72120391366,,,,
73,2020-07-13T11:31:37.000Z,Some crypto-currencies are just too stable!,,"&amp;#x200B;

https://preview.redd.it/hy56t2wi1ma51.png?width=1052&amp;format=png&amp;auto=webp&amp;s=02637bd15be1086d1c4b77a08d318a79415910e9",https://cryptocontrol.io/r/api/reddit/5f0c47940b40f100190aa176?ref=5f0df53922ee0f001886f52c,,Bitcoin,0.0,73820.92115740741,,,,
74,2020-07-13T11:25:26.000Z,Bitcoin will become the worlds global standard for money for the same reasons the internet became the worlds global standard for communication.,,"Decentralisation

Neutrality

Transparency

Open networks

Permissionless innovation

Network effects


And most importantly, immutable and automated sound money principles always win against an arbitrary, centralised, corruptible, manipulated manual supply issuance.

Bitcoin will become the worlds global standard for money whether academic keynesians like it or not.",https://cryptocontrol.io/r/api/reddit/5f0c45390b40f100190a8850?ref=5f0df53922ee0f001886f52c,,Bitcoin,185.0,73827.4326701262,,,,
75,2020-07-13T11:01:49.000Z,"Mentor Monday, July 13, 2020: Ask all your bitcoin questions!",,"Ask (and answer!) away! Here are the general rules:

* If you'd like to learn something, ask.
* If you'd like to share knowledge, answer.
* Any question about Bitcoin is fair game.

And don't forget to check out /r/BitcoinBeginners

You can sort by new to see the latest questions that may not be answered yet.",https://cryptocontrol.io/r/api/reddit/5f0c408c0b40f100190a6124?ref=5f0df53922ee0f001886f52c,,Bitcoin,8.0,73823.88290206734,,,,
76,2020-07-13T10:50:17.000Z,Help me pitch Bitcoin to fiat-ass kissers.,,"It's basically Bitcoin's volatility I face issues defending. I try to make the point that if everyone started acting less stupid and actually realized how scammy paper notes are. A world where Bitcoin is adapted would achieve a steady supply and demand structure which will stabilize the price and USD would no longer be a reflection. 

What's your pitch?",https://cryptocontrol.io/r/api/reddit/5f0c3e350b40f100190a47bc?ref=5f0df53922ee0f001886f52c,,Bitcoin,2.0,73822.19263695371,,,,
77,2020-07-13T10:46:57.000Z,Minereum (MNE) Cryptocurrency - Minereum Staking - Up to 1000% REWARD! Up to 60% Referral Bonus!,," Minereum was launched in 2017 as the First ever Self-Mining Smart Contract.

It was launched as an airdrop, each user participating received a Minereum Genesis Address with 32,000 MNE. Genesis Addresses are addresses that perform the Self-Mining process. During the first airdrop in 2017 there were 4,268 Genesis Addresses generated.

Between December 2019 and March 2020 there was the V2 launch of Minereum. It was launched again as an airdrop and there were 1,197,634 Genesis Addresses generated b",https://cryptocontrol.io/r/api/reddit/5f0c3be10b40f100190a3755?ref=5f0df53922ee0f001886f52c,,Bitcoin,0.0,73820.79708333334,,,,
78,2020-07-13T10:35:12.000Z,BTC on Celcius,,"I was wondering about what people that use Celsius to earn. 

Do you guys elect for the better rate paid in CEL?

If so, what do you do with the earned CEL?

Send them to an exchange and trade them?

Hodl'em too.",https://cryptocontrol.io/r/api/reddit/5f0c39850b40f100190a2979?ref=5f0df53922ee0f001886f52c,,Bitcoin,0.0,73820.76444444444,,,,
79,2020-07-13T10:22:15.000Z,Following Bitcoin Price.......Round and round and round.,,"&amp;#x200B;

[Following Bitcoin price ](https://reddit.com/link/hqctki/video/neiymyrxola51/player)",https://cryptocontrol.io/r/api/reddit/5f0c372f0b40f100190a1028?ref=5f0df53922ee0f001886f52c,,Bitcoin,1.0,73821.13393733033,,,,
80,2020-07-13T09:53:41.000Z,Bitcoin for decentralized organizations?,,"I wish to create a decentralized organization that operates something like this - the organization has a collectively owned repository of currency. Any member can make transactions from this repository given certain criterias are met (e.g. gets the approval of two other members). I'm thinking about bitcoin as a way to make this possible, I wonder if there are technology available to achieve this? Or anyone has an idea on what is required to make this work and the potential and limitations of bit",https://cryptocontrol.io/r/api/reddit/5f0c30280b40f1001909e604?ref=5f0df53922ee0f001886f52c,,Bitcoin,9.0,73823.3899603943,,,,
81,2020-07-13T09:39:51.000Z,Would I be able to use CashApp to deposit and withdrawal Bitcoin on a poker site?,,,https://cryptocontrol.io/r/api/reddit/5f0c2ca60b40f1001909ccc9?ref=5f0df53922ee0f001886f52c,,Bitcoin,1.0,73821.52698517632,,,,
82,2020-07-13T08:45:00.000Z,Canaan asic miners any good?,,"Anyone have any experience with canaan asic miners?
Was wondering if they’re any decent.


https://canaan.io/788.html",https://cryptocontrol.io/r/api/reddit/5f0c20eb0b40f1001909731b?ref=5f0df53922ee0f001886f52c,,Bitcoin,1.0,73821.9624107301,,,,
83,2020-07-13T08:36:48.000Z,Question about OKEx Perpetual contract funding rate,,"I noticed large fluctuation of [the funding rate on OKEx Perp contract BTCUSDT](https://www.okex.com/markets/futures-data/btc-usdt-quarterly) at 00:00, 08:00 and 16:00 (UTC). For example it was 0.015% today at 00:00, sudently falls to -0.019% at 00:05 and then came back positive 1 hour later.

What do you think is the reason for this? 

Also, suppose you want to take advantage of the rate in order to get pay by the opposite side after 8 hours, would you base your decision to open a long (or a sh",https://cryptocontrol.io/r/api/reddit/5f0c1d6d0b40f100190959b2?ref=5f0df53922ee0f001886f52c,,BitcoinMarkets,5.0,73822.45045857609,,,,
84,2020-07-13T08:28:49.000Z,should i give him a mixer address or wallet address?,,"**Hey guys, i just want to ask if i was about to receive a money in my bitcoin wallet and i want to put it in a bitcoin mixer should i give him a wallet addrress and then i put it in mixer or should i give him a dairect address to the mixer i have made?**",https://cryptocontrol.io/r/api/reddit/5f0c1d620b40f10019095723?ref=5f0df53922ee0f001886f52c,,Bitcoin,0.0,73820.41337962962,,,,
85,2020-07-13T07:55:54.000Z,BBCStaticMiner computerized bitcoin wallet,,,https://cryptocontrol.io/r/api/reddit/5f0c14010b40f10019090dde?ref=5f0df53922ee0f001886f52c,,Bitcoin,0.0,73820.32194444444,,,,
86,2020-07-13T07:42:18.000Z,DeBitpay question - waiting over 40 hrs for transaction,,"Hey guys. I painfully buy BTC on Paxful using Paypal and then transfer that to Skrill for trading purposes. 

Skrill uses BitPay so I can't directly send it from my Paxful wallet. I end up sending it to my Bitpay wallet then to Skrill. The fees are killing me though so I decided to use DeBitpay from  u/alexk111  to send it directly from Paxful wallet &gt; Skrill.  


I did the transaction on Saturday and it is still pending on Skrill now Monday morning. If it fails then Skrill usually kills off ",https://cryptocontrol.io/r/api/reddit/5f0c11b10b40f1001908fda8?ref=5f0df53922ee0f001886f52c,,Bitcoin,1.0,73821.20045739853,,,,
87,2020-07-13T07:01:10.000Z,"Daily Discussion, July 13, 2020",,"Please utilize this sticky thread for all general **Bitcoin** discussions! If you see posts on the front page or /r/Bitcoin/new which are better suited for this daily discussion thread, please help out by directing the OP to this thread instead. Thank you!

If you don't get an answer to your question, you can try phrasing it differently or commenting again tomorrow.

[Join us in the r/Bitcoin Chatroom!](https://s.reddit.com/channel/872992_7f67f22e296c2f65bd39f5af98f30a96b5e3e21e)

Please che",https://cryptocontrol.io/r/api/reddit/5f0c08490b40f1001908d403?ref=5f0df53922ee0f001886f52c,,Bitcoin,54.0,73824.72378429901,,,,
88,2020-07-13T05:17:37.000Z,question regarding anonymity,,"I am completely new to bitcoin.. sorry for such beginner questions.

1- When I send bitcoins to a merchant, does the receiving merchant know my personal details associated with my wallet such as name, address, phone number, dob. etc.

2- When I receive bitcoins from a merchant, does the sending merchant know my personal details associated with my wallet such as name, address, phone number, dob. etc.",https://cryptocontrol.io/r/api/reddit/5f0bf0e00b40f10019080386?ref=5f0df53922ee0f001886f52c,,Bitcoin,4.0,73822.18485361151,,,,
89,2020-07-13T05:11:32.000Z,#ScamBible #fraudbible,,"This is the newest and only 2020 fraud bible! It contains many, many new methods and information that is up to date. 

The 2019 fraud bible has outdated methods and information that no longer works or applies to the real world. Also, unlike the 2019 fraud bible, this 2020 fraud bible has been organized, repacked, and cleaned. It contains no false duplicates, and is much easier to use compared to the 2019 fraud bible.

Instant delivery. I have a bot that will immediately send you the download lin",https://cryptocontrol.io/r/api/reddit/5f0bee810b40f1001907f34b?ref=5f0df53922ee0f001886f52c,,Bitcoin,0.0,73819.86537037037,,,,
90,2020-07-13T04:06:10.000Z,"[Altcoin Discussion] Monday, July 13, 2020",,"
**Thread topics include, but are not limited to:**

* Discussion related to recent events
* Technical analysis, trading ideas &amp; strategies
* General questions about altcoins

**Thread guidelines:**

* **Be excellent to each other.**
* All regular rules for this subreddit apply, except for number 2. This, and only this, thread is exempt from the requirement that all discussion must relate to bitcoin trading.
* This is for high quality discussion of altcoins. **All shilling or obvious pumping",https://cryptocontrol.io/r/api/reddit/5f0bde290b40f10019077812?ref=5f0df53922ee0f001886f52c,,BitcoinMarkets,8.0,73822.51700964035,,,,
91,2020-07-13T04:06:00.000Z,"[Daily Discussion] Monday, July 13, 2020",,"**Thread topics include, but are not limited to:**

* General discussion related to the day's events
* Technical analysis, trading ideas &amp; strategies
* Quick questions that do not warrant a separate post

**Thread guidelines:**

* **Be excellent to each other.**
* Do not make posts outside of the daily thread for the topics mentioned above.

**Other ways to interact:**

* [Get an invite](https://join.slack.com/t/reddit-bitcoinmarkets/shared_invite/enQtNjM1NTg3ODgwODUzLTQ2NjZjYjYxMWExZmZmMWY0",https://cryptocontrol.io/r/api/reddit/5f0bde290b40f10019077811?ref=5f0df53922ee0f001886f52c,,BitcoinMarkets,134.0,73825.09497938519,,,,
92,2020-07-13T03:37:26.000Z,Cashaa hack analysis,,,https://cryptocontrol.io/r/api/reddit/5f0bd9710b40f10019074e51?ref=5f0df53922ee0f001886f52c,,Bitcoin,0.0,73819.60398148149,,,,
93,2020-07-13T02:45:06.000Z,"Well, it has no value anymore.",,,https://cryptocontrol.io/r/api/reddit/5f0bcb5f0b40f1001906edd3?ref=5f0df53922ee0f001886f52c,,Bitcoin,12.0,73823.04213004957,,,,
94,2020-07-13T02:35:37.000Z,What mobile applications are useful for crypto news with notifications?,,Help a homie out :),https://cryptocontrol.io/r/api/reddit/5f0bc9010b40f1001906d73e?ref=5f0df53922ee0f001886f52c,,Bitcoin,0.0,73819.43226851852,,,,
95,2020-07-13T02:23:34.000Z,What information do I need to record for tax purposes?,,"- amount of BTC bought 
- Date Acquired
- date sold
- purchase price of BTC 
- price of BTC when traded to another crypto. 
- Gain or loss of traded price subtracted purchase price

Do I need any other info like the type of coin I traded for ?",https://cryptocontrol.io/r/api/reddit/5f0bc6ae0b40f1001906be20?ref=5f0df53922ee0f001886f52c,,Bitcoin,1.0,73820.31508702817,,,,
96,2020-07-13T02:17:28.000Z,Warning: Fee estimation is not currently possible,,"I use the Bitcoin Core wallet on OpenSUSE LEAP 15.2. I've fully synched the block chain but when I go to transfer some Bitcoin I get the error message Warning: Fee estimation is not currently possible. Is there any way to get this working?

If you need any extra information let me know and I'll try and provide it.",https://cryptocontrol.io/r/api/reddit/5f0bc6ae0b40f1001906be1f?ref=5f0df53922ee0f001886f52c,,Bitcoin,2.0,73820.9912897643,,,,
97,2020-07-10T19:57:26.000Z,,,,https://cryptocontrol.io/r/api/tweet/5f08c9850b40f10019eed872?ref=5f0df53922ee0f001886f52c,,,,73816.16248561065,bitcoin,"RT @matt_odell: Individuals will naturally seek out defensive technology when they realize the need to defend themselves.

This has been tr…",en,28.0
98,2020-07-10T19:56:44.000Z,,,,https://cryptocontrol.io/r/api/tweet/5f08c9850b40f10019eed873?ref=5f0df53922ee0f001886f52c,,,,73816.93921052021,bitcoin,"RT @ChrisRossini: ""Economics cannot be faked, ignored, or legislated away any more than physics or chemistry. Economics, as @mises understo…",en,61.0
99,2020-07-03T16:32:13.000Z,,,,https://cryptocontrol.io/r/api/tweet/5eff72350b40f10019a30948?ref=5f0df53922ee0f001886f52c,,,,73790.51790239206,bitcoin,RT @TuurDemeester: Imo there is no stock market recovery - it's all inflation. US stocks denominated in gold: https://t.co/DezhQ3EYPT,en,522.0
100,2020-07-03T16:31:14.000Z,,,,https://cryptocontrol.io/r/api/tweet/5eff72350b40f10019a30949?ref=5f0df53922ee0f001886f52c,,,,73788.96703352401,bitcoin,"RT @100trillionUSD: Do you think #bitcoin will reach $288K (S2FX), $100K (S2Fv2), $55K (S2Fv1) before December 2021, or will BTC stay below…",en,111.0
101,2020-06-30T13:48:24.000Z,,,,https://cryptocontrol.io/r/api/tweet/5efcd9ddb5abe10019ed72aa?ref=5f0df53922ee0f001886f52c,,,,73775.89953307011,bitcoin,RT @skewdotcom: #bitcoin is having today its third best quarterly close in its young history https://t.co/ewjpSlWfk9,en,60.0
102,2020-06-28T18:57:29.000Z,,,,https://cryptocontrol.io/r/api/tweet/5efcd9ddb5abe10019ed72ac?ref=5f0df53922ee0f001886f52c,,,,73770.78185052074,bitcoin,"RT @danheld: 61% of Bitcoin hasn't moved in over a year. 

That's an all-time high. https://t.co/q9oYHYXdbc",en,454.0
103,2020-06-28T18:55:47.000Z,,,,https://cryptocontrol.io/r/api/tweet/5efcd9ddb5abe10019ed72ae?ref=5f0df53922ee0f001886f52c,,,,73775.44628619318,bitcoin,"RT @d1rtydan: A guy on reddit reversed engineered #TikTok

Here’s what he found on the data it collects on you

It’s far worse than just st…",en,48400.0
104,2020-06-28T18:53:47.000Z,,,,https://cryptocontrol.io/r/api/tweet/5efcd9ddb5abe10019ed72b6?ref=5f0df53922ee0f001886f52c,,,,73767.78896976085,bitcoin,"RT @PeterMcCormack: Maybe the steps are:
- Identify how the money system is broken
- Sell the benefits of the Gold standard
- Why everythin…",en,23.0
105,2020-06-28T17:20:54.000Z,,,,https://cryptocontrol.io/r/api/tweet/5efcd9ddb5abe10019ed72c8?ref=5f0df53922ee0f001886f52c,,,,73769.75675845137,bitcoin,"RT @blockfolio: Money was invented before written history.

How do we know?

The first record of writing was for keeping track of finances.…",en,213.0
106,2020-06-28T17:13:04.000Z,,,,https://cryptocontrol.io/r/api/tweet/5efcd9ddb5abe10019ed72ab?ref=5f0df53922ee0f001886f52c,,,,73768.60491077135,bitcoin,@cz_binance @binance #Bitcoin. https://t.co/mXaxNHvCpp,und,22.0
107,2020-06-28T17:06:32.000Z,,,,https://cryptocontrol.io/r/api/tweet/5efcd9ddb5abe10019ed72c9?ref=5f0df53922ee0f001886f52c,,,,73766.99461620787,bitcoin,RT @adam3us: @ggmesh @Blockstream @SociableBarely not me.,en,14.0
108,2020-06-27T18:57:49.000Z,,,,https://cryptocontrol.io/r/api/tweet/5efcd9ddb5abe10019ed72ad?ref=5f0df53922ee0f001886f52c,,,,73764.80781397501,bitcoin,"RT @nic__carter: Great stuff as usual from @yassineARK 

 https://t.co/ebPyz5AI2L",en,63.0
109,2020-06-27T18:57:29.000Z,,,,https://cryptocontrol.io/r/api/tweet/5efcd9ddb5abe10019ed72b7?ref=5f0df53922ee0f001886f52c,,,,73766.51307810265,bitcoin,"RT @danheld: Bitcoin at $9k-$10k feels just like when it was at $900-$1k. 

HODL.",en,347.0
110,2020-06-26T21:25:37.000Z,,,,https://cryptocontrol.io/r/api/tweet/5ef66b83b5abe10019b7b916?ref=5f0df53922ee0f001886f52c,,,,73760.44253063417,bitcoin,RT @milessuter: This is my favorite type of direct action 💪✊ #BLACKBTCBUYOUT https://t.co/mttVDOV30Z,en,29.0
111,2020-06-26T21:24:46.000Z,,,,https://cryptocontrol.io/r/api/tweet/5ef667c5b5abe10019b79234?ref=5f0df53922ee0f001886f52c,,,,73759.15231523475,bitcoin,"RT @udiWertheimer: This weekend on @Reckless_VR:

👊Make #Bitcoin UX Great Again with @SeleneJin, Director of UX at @Blockstream

🗓June 27th…",en,8.0
112,2020-06-26T21:24:28.000Z,,,,https://cryptocontrol.io/r/api/tweet/5ef667c5b5abe10019b79236?ref=5f0df53922ee0f001886f52c,,,,73760.83324047543,bitcoin,"RT @pierre_rochard: There can be infinite USD.

There can only be 21 million BTC. 

Scarcity.

Few understand this.",en,43.0
113,2020-06-26T21:23:25.000Z,,,,https://cryptocontrol.io/r/api/tweet/5ef667c5b5abe10019b79232?ref=5f0df53922ee0f001886f52c,,,,73759.26634827041,bitcoin,"RT @WhatBitcoinDid: WBD236 - Bitcoin UX &amp; Marketing with @danheld. We discuss: 
- Considering beginner's UX
- The role of marketing
- Nodes…",en,9.0
114,2020-06-26T21:23:10.000Z,,,,https://cryptocontrol.io/r/api/tweet/5ef667c5b5abe10019b79231?ref=5f0df53922ee0f001886f52c,,,,73759.55333589841,bitcoin,RT @danheld: @PeterSchiff https://t.co/3bUcdrFqLa,und,12.0
115,2020-06-26T21:22:27.000Z,,,,https://cryptocontrol.io/r/api/tweet/5ef667c5b5abe10019b79233?ref=5f0df53922ee0f001886f52c,,,,73758.85819797711,bitcoin,RT @nic__carter: @gladstein made this in 2016 and I'm still pretty happy with it https://t.co/gVyfBepSiy,en,6.0
116,2020-06-26T21:21:21.000Z,,,,https://cryptocontrol.io/r/api/tweet/5ef667c5b5abe10019b79235?ref=5f0df53922ee0f001886f52c,,,,73759.26060752966,bitcoin,"RT @milessuter: “Once you allow your economy to become dependent on extremes of debt, leverage, inequality, legalized looting, monopoly, pa…",en,9.0
117,2020-06-26T18:30:34.000Z,,,,https://cryptocontrol.io/r/api/tweet/5ef64244b5abe10019b640d5?ref=5f0df53922ee0f001886f52c,,,,73762.49978144822,bitcoin,"RT @CNBCFastMoney: ""The Fed losing control over the asset bubble is now the biggest risk to the economy."" @NorthmanTrader lays out his cent…",en,369.0
118,2020-06-26T18:26:41.000Z,,,,https://cryptocontrol.io/r/api/tweet/5ef63e834fe6500019fb80b5?ref=5f0df53922ee0f001886f52c,,,,73760.81230427173,bitcoin,"RT @_prestwich: Looks like the liquid emergency 2-of-3 operators can steal 870 Bitcoin because this TXO has aged 2015 blocks?

cc @notgrubl…",en,69.0
119,2020-06-25T20:42:25.000Z,,,,https://cryptocontrol.io/r/api/tweet/5ef50f6fad4b900019a93b49?ref=5f0df53922ee0f001886f52c,,,,73756.21333134221,bitcoin,RT @MartyBent: Bitcoin allows international capitalists to avoid the headaches of having to exchange between currencies when conducting bus…,en,26.0
120,2020-06-25T20:28:19.000Z,,,,https://cryptocontrol.io/r/api/tweet/5ef50bb3ad4b900019a921f2?ref=5f0df53922ee0f001886f52c,,,,73754.70782760675,bitcoin,RT @unchainedcap: Our CPO @willcole is joining the @BitcoinMagazine Drinks in Quarantine show this evening. Check it out! https://t.co/yr43…,en,6.0
121,2020-06-25T20:26:05.000Z,,,,https://cryptocontrol.io/r/api/tweet/5ef50bb3ad4b900019a921f5?ref=5f0df53922ee0f001886f52c,,,,73758.43132535167,bitcoin,RT @sqcrypto: Money without masters. #bitcoin,en,250.0
122,2020-06-25T20:25:25.000Z,,,,https://cryptocontrol.io/r/api/tweet/5ef50bb3ad4b900019a921f4?ref=5f0df53922ee0f001886f52c,,,,73757.27746043443,bitcoin,"RT @danheld: Bitcoin keeps ""popping"" exponentially upwards. https://t.co/oFatwvJvi8",en,79.0
123,2020-06-25T06:57:42.000Z,,,,https://cryptocontrol.io/r/api/tweet/5ef44ca062558c00194306f4?ref=5f0df53922ee0f001886f52c,,,,73757.34520985335,bitcoin,"RT @gladstein: Why Bitcoin matters for human rights, in two minutes. https://t.co/7whCGZKEXi",en,797.0
124,2020-06-24T21:30:11.000Z,,,,https://cryptocontrol.io/r/api/tweet/5ef3c96f62558c00193eb779?ref=5f0df53922ee0f001886f52c,,,,73752.24065601172,bitcoin,Thisisfine.jpg https://t.co/lTL5qYOmHi,en,12.0
125,2020-06-24T21:29:52.000Z,,,,https://cryptocontrol.io/r/api/tweet/5ef3c96f62558c00193eb77a?ref=5f0df53922ee0f001886f52c,,,,73751.36942274541,bitcoin,You buy Bitcoin. https://t.co/6TPqXskaFs,en,3.0
126,2020-06-24T21:27:19.000Z,,,,https://cryptocontrol.io/r/api/tweet/5ef3c5a162558c00193e87b7?ref=5f0df53922ee0f001886f52c,,,,73754.87904968087,bitcoin,RT @Xentagz: Venezuela government is officially taking #bitcoin as payment for passports🛂 https://t.co/ypqA6HNcNj,en,330.0
127,2020-06-23T21:38:37.000Z,,,,https://cryptocontrol.io/r/api/tweet/5ef277e195ef81001975f530?ref=5f0df53922ee0f001886f52c,,,,73747.30857049263,bitcoin,"RT @RussellOkung: Off the chain.

Own your money. Pre-loaded @OPENDIME.

https://t.co/JlNp2E4OVs https://t.co/mklscvTC4F",en,9.0
128,2020-06-23T20:55:34.000Z,,,,https://cryptocontrol.io/r/api/tweet/5ef26ca095ef810019758da2?ref=5f0df53922ee0f001886f52c,,,,73747.88213433986,bitcoin,RT @danheld: Ok boomer. https://t.co/wKE6BoEvsi,en,18.0
129,2020-06-23T20:55:08.000Z,,,,https://cryptocontrol.io/r/api/tweet/5ef26ca095ef810019758da3?ref=5f0df53922ee0f001886f52c,,,,73747.07000041993,bitcoin,"RT @SrdjaPopovic: Protest culture has survived the Pandemic, and is likely to catch up speed globally. 
And soon. 
Many thanks to @gladstei…",en,8.0
130,2020-06-22T17:29:49.000Z,,,,https://cryptocontrol.io/r/api/tweet/5ef0ee2afc19f80019898ceb?ref=5f0df53922ee0f001886f52c,,,,73743.55572902011,bitcoin,@APompliano This is good for Bitcoin.,en,3.0
131,2020-06-22T17:29:45.000Z,,,,https://cryptocontrol.io/r/api/tweet/5ef0ee2afc19f80019898cea?ref=5f0df53922ee0f001886f52c,,,,73741.58320042881,bitcoin,@blockfolio This is good for Bitcoin.,en,1.0
132,2020-06-22T17:18:18.000Z,,,,https://cryptocontrol.io/r/api/tweet/5ef0e98ffc19f80019895a7d?ref=5f0df53922ee0f001886f52c,,,,73743.35351712952,bitcoin,@CoinDesk @PayPal @IanAllison123 This is good for Bitcoin.,en,6.0
133,2020-06-22T17:18:07.000Z,,,,https://cryptocontrol.io/r/api/tweet/5ef0e98ffc19f80019895a7e?ref=5f0df53922ee0f001886f52c,,,,73741.17619216455,bitcoin,@blockfolio Libre not Libra,en,1.0
134,2020-06-22T17:13:16.000Z,,,,https://cryptocontrol.io/r/api/tweet/5ef0e98ffc19f80019895a80?ref=5f0df53922ee0f001886f52c,,,,73744.61989659173,bitcoin,"Slowly, then suddenly. 

#Bitcoin https://t.co/7V5qbLLzNU",en,40.0
135,2020-06-22T17:09:57.000Z,,,,https://cryptocontrol.io/r/api/tweet/5ef0e98ffc19f80019895a7f?ref=5f0df53922ee0f001886f52c,,,,73744.97021980498,bitcoin,"RT @danheld: If you hold 0.28 BTC, you’re part of the 1%

Stay calm. Stack on. https://t.co/IDdFtHml5E",en,100.0
136,2020-06-22T14:05:15.000Z,,,,https://cryptocontrol.io/r/api/tweet/5ef0bc8ffc19f8001987d6af?ref=5f0df53922ee0f001886f52c,,,,73741.07576949506,bitcoin,@APompliano High vs low time preference summed up.,en,1.0
137,2020-06-22T14:04:50.000Z,,,,https://cryptocontrol.io/r/api/tweet/5ef0bc8ffc19f8001987d6ad?ref=5f0df53922ee0f001886f52c,,,,73739.62769310473,bitcoin,@blockfolio Bitcoin would have* fixed this.,en,0.0
138,2020-06-22T14:02:28.000Z,,,,https://cryptocontrol.io/r/api/tweet/5ef0bc8ffc19f8001987d6b2?ref=5f0df53922ee0f001886f52c,,,,73741.79017273101,bitcoin,"RT @lopp: ""Every BIP should be authored by a fresh pseudonym."" - @theinstagibbs",en,7.0
139,2020-06-22T05:12:38.000Z,,,,https://cryptocontrol.io/r/api/tweet/5ef03ecabd5fce00194544f4?ref=5f0df53922ee0f001886f52c,,,,73745.54646164246,bitcoin,"RT @MarkYusko: The greatest wealth is created by being an early investor in #Innovation

Making that investment requires believing in somet…",en,1305.0
140,2020-06-21T21:25:34.000Z,,,,https://cryptocontrol.io/r/api/tweet/5eefd207bd5fce001941d963?ref=5f0df53922ee0f001886f52c,,,,73740.83629603099,bitcoin,"RT @stephanlivera: This fiat stuff is way too complicated! The fiat people need to simplify it down.

Can't deal with all this SWIFT interb…",en,43.0
141,2020-06-21T21:25:27.000Z,,,,https://cryptocontrol.io/r/api/tweet/5eefd207bd5fce001941d962?ref=5f0df53922ee0f001886f52c,,,,73741.4314806679,bitcoin,"RT @blockfolio: The Cypherpunks and Fathers of Bitcoin: 

• Hal Finney: Reusable PoW
• Adam Back: Hashcash
• Wei Dai: B-money
• David Chaum…",en,78.0
142,2020-06-21T21:11:48.000Z,,,,https://cryptocontrol.io/r/api/tweet/5eefce49bd5fce001941b299?ref=5f0df53922ee0f001886f52c,,,,73740.74062324116,bitcoin,"Our bank statement is ""don't trust, verify""",en,26.0
143,2020-06-21T21:03:44.000Z,,,,https://cryptocontrol.io/r/api/tweet/5eefce48bd5fce001941b298?ref=5f0df53922ee0f001886f52c,,,,73741.05749903497,bitcoin,"RT @ctdl21: ☁️🌩🌞🌩☁️
🌲☔️🏰☔️🌲
🌻🐘⛲️🐘🌻
🌷🌷🦜🌷🌷
🌊🌊🌊🌊🌊

- Chirp! Chirp chirp!
- Wassup, Bird?
- Vol.3 of Citadel21 arrived!
- Hell yes!

*elephant’…",en,57.0
144,2020-06-21T03:07:13.000Z,,,,https://cryptocontrol.io/r/api/tweet/5eeed1c9d641e00019d7716a?ref=5f0df53922ee0f001886f52c,,,,73737.28222023109,bitcoin,RT @adam3us: @TraceMayer @saifedean @stephanlivera @pierre_rochard @bitstein @francispouliot_ @CaitlinLong_ @NickSzabo4 In the depths of do…,en,26.0
145,2020-06-21T01:16:24.000Z,,,,https://cryptocontrol.io/r/api/tweet/5eeeb78bd641e00019d6c0bd?ref=5f0df53922ee0f001886f52c,,,,73737.72363280423,bitcoin,"RT @COLDCARDwallet: Firmware Update 3.1.4 🍄⏫💪

- BIP-143 Security Fix for replay attack
- BIP-85: Deterministic Entropy From BIP32 Keychain…",en,55.0
146,2020-06-20T20:52:11.000Z,,,,https://cryptocontrol.io/r/api/tweet/5eee77c9d641e00019d4d116?ref=5f0df53922ee0f001886f52c,,,,73738.21347305067,bitcoin,RT @nic__carter: https://t.co/MGnGp9C8gP,und,187.0
